timeStamp,elapsed,label,responseCode,responseMessage,threadName,dataType,success,failureMessage,bytes,sentBytes,grpThreads,allThreads,Latency,IdleTime,Connect
1519580892002,416,HTTP Request,200,,request for index 3-3,text,true,,3425,144,33,183,415,0,0
1519580891513,979,HTTP Request_SignupCheck,200,,signuptest 1-5,text,true,,640,563,93,199,979,0,116
1519580892184,437,HTTP Request,200,,request for index 3-17,text,true,,3425,141,47,223,437,0,0
1519580892030,610,HTTP Request,200,,request for index 3-5,text,true,,3425,148,47,223,610,0,0
1519580891538,1155,HTTP Request_SignupCheck,200,,signuptest 1-12,text,true,,640,602,99,230,1155,0,91
1519580892241,540,HTTP Request,200,,request for index 3-21,text,true,,3425,145,55,240,512,0,0
1519580892137,662,HTTP Request,200,,request for index 3-13,text,true,,3425,142,56,242,662,0,0
1519580891569,1258,HTTP Request_SignupCheck,200,,signuptest 1-15,text,true,,640,558,98,245,1225,0,65
1519580891627,1439,HTTP Request_SignupCheck,200,,signuptest 1-21,text,true,,640,566,97,273,1439,0,1
1519580891702,1512,HTTP Request_SignupCheck,200,,signuptest 1-27,text,true,,640,608,96,281,1512,0,0
1519580892113,1272,HTTP Request,200,,request for index 3-11,text,true,,3425,143,95,290,1144,0,1
1519580891620,1781,HTTP Request_Login check,200,,login Test 2-4,text,true,,651,468,100,289,1781,0,14
1519580891578,1888,HTTP Request_Login check,200,,login Test 2-1,text,true,,651,478,99,288,1877,0,56
1519580891558,1925,HTTP Request_SignupCheck,200,,signuptest 1-14,text,true,,640,577,95,287,1925,0,76
1519580891520,1989,HTTP Request_SignupCheck,200,,signuptest 1-10,text,true,,640,597,94,286,1988,0,113
1519580891512,2109,HTTP Request_SignupCheck,200,,signuptest 1-3,text,true,,640,594,93,285,2097,0,122
1519580891511,2128,HTTP Request_SignupCheck,200,,signuptest 1-2,text,true,,640,606,92,284,2128,0,121
1519580891679,2067,HTTP Request_Login check,200,,login Test 2-8,text,true,,651,508,98,283,2067,0,22
1519580892121,1628,HTTP Request,200,,request for index 3-12,text,true,,3425,147,94,282,1627,0,1
1519580892065,2024,HTTP Request,200,,request for index 3-1,text,true,,3425,151,93,281,2024,0,11
1519580891617,2487,HTTP Request_SignupCheck,200,,signuptest 1-20,text,true,,640,559,91,280,2487,0,8
1519580891941,2179,HTTP Request_Login check,200,,login Test 2-27,text,true,,651,499,97,279,1956,0,1
1519580892311,1812,HTTP Request,200,,request for index 3-24,text,true,,3425,144,92,278,1677,0,1
1519580892060,2066,HTTP Request,200,,request for index 3-6,text,true,,3425,143,91,277,2065,0,35
1519580892148,2208,HTTP Request_Login check,200,,login Test 2-44,text,true,,651,489,96,276,1995,0,0
1519580892272,2089,HTTP Request_SignupCheck,200,,signuptest 1-74,text,true,,640,602,90,275,2089,0,1
1519580891759,2604,HTTP Request_SignupCheck,200,,signuptest 1-31,text,true,,4198,560,89,274,2524,0,0
1519580891592,2776,HTTP Request_Login check,200,,login Test 2-2,text,true,,651,473,95,273,2776,0,42
1519580892314,2058,HTTP Request_SignupCheck,200,,signuptest 1-79,text,true,,4198,587,88,272,2058,0,0
1519580891865,2512,HTTP Request_SignupCheck,200,,signuptest 1-41,text,true,,640,557,87,271,2508,0,1
1519580891548,2831,HTTP Request_SignupCheck,200,,signuptest 1-13,text,true,,640,582,86,270,2831,0,86
1519580892210,2170,HTTP Request_SignupCheck,200,,signuptest 1-70,text,true,,640,586,85,269,2169,0,0
1519580892058,2714,HTTP Request,200,,request for index 3-7,text,true,,3425,146,90,268,2700,0,51
1519580892161,2662,HTTP Request,200,,request for index 3-15,text,true,,3425,148,89,267,2660,0,0
1519580892224,2721,HTTP Request,200,,request for index 3-20,text,true,,3425,144,88,266,2721,0,0
1519580891849,3101,HTTP Request_Login check,200,,login Test 2-20,text,true,,651,482,94,265,2921,0,1
1519580891779,3234,HTTP Request_Login check,200,,login Test 2-16,text,true,,651,474,93,264,3171,0,0
1519580892378,2641,HTTP Request_Login check,200,,login Test 2-61,text,true,,636,508,92,263,2568,0,0
1519580892146,2873,HTTP Request_SignupCheck,200,,signuptest 1-65,text,true,,640,607,84,262,2808,0,1
1519580891716,3304,HTTP Request_SignupCheck,200,,signuptest 1-28,text,true,,640,553,83,261,3247,0,1
1519580891814,3206,HTTP Request_SignupCheck,200,,signuptest 1-36,text,true,,640,591,82,260,3139,0,1
1519580891658,3363,HTTP Request_SignupCheck,200,,signuptest 1-24,text,true,,640,557,81,259,3300,0,1
1519580891836,3185,HTTP Request_SignupCheck,200,,signuptest 1-38,text,true,,640,587,80,258,3121,0,1
1519580891609,3412,HTTP Request_SignupCheck,200,,signuptest 1-18,text,true,,640,560,79,257,3347,0,25
1519580891512,3510,HTTP Request_SignupCheck,200,,signuptest 1-1,text,true,,640,583,78,256,3450,0,116
1519580892287,2784,HTTP Request_Login check,200,,login Test 2-57,text,true,,651,488,91,255,2784,0,24
1519580892352,2723,HTTP Request_Login check,200,,login Test 2-59,text,true,,636,480,90,254,2723,0,0
1519580893257,1819,HTTP Request,200,,request for index 3-95,text,true,,3425,147,87,253,1819,0,0
1519580892989,2096,HTTP Request,200,,request for index 3-75,text,true,,3425,144,86,252,2095,0,1
1519580891874,3218,HTTP Request_SignupCheck,200,,signuptest 1-42,text,true,,640,600,77,251,3218,0,0
1519580892509,2585,HTTP Request,200,,request for index 3-41,text,true,,3425,145,85,250,2584,0,0
1519580892531,2567,HTTP Request,200,,request for index 3-43,text,true,,3425,143,84,249,2546,0,0
1519580892878,2222,HTTP Request,200,,request for index 3-67,text,true,,3425,146,83,248,2222,0,0
1519580892713,2396,HTTP Request,200,,request for index 3-55,text,true,,3425,146,82,247,2384,0,1
1519580892189,2928,HTTP Request_Login check,200,,login Test 2-48,text,true,,651,498,89,246,2928,0,0
1519580893236,1882,HTTP Request,200,,request for index 3-93,text,true,,3425,145,81,245,1882,0,0
1519580893185,1946,HTTP Request,200,,request for index 3-89,text,true,,3425,142,80,244,1945,0,0
1519580892962,2170,HTTP Request,200,,request for index 3-73,text,true,,3425,144,79,243,2157,0,0
1519580893085,2057,HTTP Request,200,,request for index 3-83,text,true,,3425,142,78,242,2057,0,1
1519580892458,2690,HTTP Request,200,,request for index 3-37,text,true,,3425,146,77,241,2690,0,0
1519580892945,2208,HTTP Request,200,,request for index 3-71,text,true,,3425,147,76,240,2198,0,0
1519580893012,2145,HTTP Request,200,,request for index 3-77,text,true,,3425,148,75,239,2139,0,1
1519580892334,2830,HTTP Request,200,,request for index 3-27,text,true,,3425,144,74,238,2830,0,1
1519580892541,2630,HTTP Request,200,,request for index 3-44,text,true,,3425,150,73,237,2627,0,0
1519580891990,3255,HTTP Request,200,,request for index 3-2,text,true,,3425,146,72,236,3232,0,0
1519580893059,2194,HTTP Request,200,,request for index 3-81,text,true,,3425,148,71,235,2183,0,0
1519580892494,2766,HTTP Request,200,,request for index 3-40,text,true,,3425,144,70,234,2753,0,0
1519580893149,2124,HTTP Request,200,,request for index 3-87,text,true,,3425,145,69,233,2110,0,1
1519580892927,2362,HTTP Request,200,,request for index 3-70,text,true,,3425,144,68,232,2348,0,0
1519580892951,2347,HTTP Request,200,,request for index 3-72,text,true,,3425,145,67,231,2347,0,1
1519580892324,3345,HTTP Request_Login check,200,,login Test 2-58,text,true,,651,481,88,230,3345,0,0
1519580892572,3097,HTTP Request,200,,request for index 3-47,text,true,,3425,141,66,230,3096,0,0
1519580893285,2437,HTTP Request,200,,request for index 3-97,text,true,,3425,144,65,228,2437,0,1
1519580892388,3376,HTTP Request,200,,request for index 3-31,text,true,,3425,141,64,227,3354,0,11
1519580892868,2915,HTTP Request,200,,request for index 3-65,text,true,,3425,148,63,226,2914,0,1
1519580892870,2938,HTTP Request,200,,request for index 3-64,text,true,,3425,144,62,225,2936,0,0
1519580892413,3395,HTTP Request,200,,request for index 3-33,text,true,,3425,145,62,225,3370,0,0
1519580893037,2773,HTTP Request,200,,request for index 3-79,text,true,,3425,147,60,223,2771,0,0
1519580893317,2495,HTTP Request,200,,request for index 3-99,text,true,,3425,149,59,222,2495,0,0
1519580892642,3197,HTTP Request,200,,request for index 3-50,text,true,,3425,147,58,221,3194,0,0
1519580892349,3491,HTTP Request,200,,request for index 3-28,text,true,,3425,144,57,220,3491,0,1
1519580893215,2641,HTTP Request,200,,request for index 3-91,text,true,,3425,142,56,219,2615,0,0
1519580892869,3004,HTTP Request,200,,request for index 3-66,text,true,,3425,145,55,218,3003,0,0
1519580892433,3448,HTTP Request,200,,request for index 3-35,text,true,,3425,148,54,217,3448,0,0
1519580892095,3795,HTTP Request,200,,request for index 3-10,text,true,,3425,147,53,216,3795,0,1
1519580892563,3332,HTTP Request,200,,request for index 3-46,text,true,,3425,145,52,215,3332,0,0
1519580892892,3018,HTTP Request,200,,request for index 3-68,text,true,,3425,142,51,214,3018,0,1
1519580893113,2812,HTTP Request,200,,request for index 3-85,text,true,,3425,143,50,213,2808,0,0
1519580892677,3258,HTTP Request,200,,request for index 3-52,text,true,,3425,146,49,212,3256,0,1
1519580892401,3536,HTTP Request,200,,request for index 3-32,text,true,,3425,141,48,211,3532,0,0
1519580892766,3173,HTTP Request,200,,request for index 3-58,text,true,,3425,147,47,210,3172,0,0
1519580893304,2638,HTTP Request,200,,request for index 3-98,text,true,,3425,143,46,209,2638,0,0
1519580892796,3149,HTTP Request,200,,request for index 3-60,text,true,,3425,144,45,208,3148,0,0
1519580893001,2950,HTTP Request,200,,request for index 3-76,text,true,,3425,145,44,207,2950,0,0
1519580892481,3472,HTTP Request,200,,request for index 3-39,text,true,,3425,143,43,206,3472,0,1
1519580892975,2992,HTTP Request,200,,request for index 3-74,text,true,,3425,143,42,205,2992,0,5
1519580892917,3054,HTTP Request,200,,request for index 3-69,text,true,,3425,145,41,204,3054,0,0
1519580892473,3499,HTTP Request,200,,request for index 3-38,text,true,,3425,150,40,203,3499,0,0
1519580892633,3340,HTTP Request,200,,request for index 3-49,text,true,,3425,143,39,202,3340,0,0
1519580892072,3903,HTTP Request,200,,request for index 3-8,text,true,,3425,147,38,201,3903,0,0
1519580892705,3273,HTTP Request,200,,request for index 3-54,text,true,,3425,144,37,200,3270,0,0
1519580892147,3837,HTTP Request,200,,request for index 3-14,text,true,,3425,147,36,199,3836,0,1
1519580893225,2770,HTTP Request,200,,request for index 3-92,text,true,,3425,148,35,198,2763,0,1
1519580892810,3198,HTTP Request,200,,request for index 3-61,text,true,,3425,142,34,197,3172,0,1
1519580892689,3320,HTTP Request,200,,request for index 3-53,text,true,,3425,148,34,197,3298,0,0
1519580893023,2991,HTTP Request,200,,request for index 3-78,text,true,,3425,147,32,195,2990,0,1
1519580892448,3571,HTTP Request,200,,request for index 3-36,text,true,,3425,142,31,194,3569,0,1
1519580891610,4415,HTTP Request_Login check,200,,login Test 2-3,text,true,,651,474,87,193,4194,0,19
1519580891578,4449,HTTP Request_SignupCheck,200,,signuptest 1-16,text,true,,640,556,76,192,4229,0,71
1519580893247,2786,HTTP Request,200,,request for index 3-94,text,true,,3425,144,30,191,2781,0,0
1519580892169,3866,HTTP Request,200,,request for index 3-16,text,true,,3425,147,29,190,3866,0,1
1519580892269,3768,HTTP Request,200,,request for index 3-22,text,true,,3425,143,28,189,3767,0,0
1519580892523,3526,HTTP Request,200,,request for index 3-42,text,true,,3425,149,27,188,3512,0,0
1519580893047,3018,HTTP Request,200,,request for index 3-80,text,true,,3425,143,26,187,3009,0,3
1519580893071,3014,HTTP Request,200,,request for index 3-82,text,true,,3425,147,25,186,3013,0,1
1519580892836,3250,HTTP Request,200,,request for index 3-63,text,true,,3425,145,24,185,3246,0,0
1519580892585,3546,HTTP Request,200,,request for index 3-48,text,true,,3425,147,23,184,3533,0,0
1519580892211,3953,HTTP Request,200,,request for index 3-19,text,true,,3425,146,22,183,3950,0,1
1519580893172,2996,HTTP Request,200,,request for index 3-88,text,true,,3425,141,21,182,2996,0,0
1519580892083,4089,HTTP Request,200,,request for index 3-9,text,true,,3425,142,20,181,4088,0,0
1519580893268,2940,HTTP Request,200,,request for index 3-96,text,true,,3425,142,19,180,2939,0,0
1519580892665,3554,HTTP Request,200,,request for index 3-51,text,true,,3425,144,18,179,3546,0,0
1519580893202,3017,HTTP Request,200,,request for index 3-90,text,true,,3425,145,18,179,3017,0,1
1519580892310,3929,HTTP Request,200,,request for index 3-23,text,true,,3425,141,16,177,3928,0,1
1519580892750,3504,HTTP Request,200,,request for index 3-57,text,true,,3425,142,15,176,3495,0,1
1519580892015,4289,HTTP Request,200,,request for index 3-4,text,true,,3425,145,14,175,4281,0,1
1519580892195,4112,HTTP Request,200,,request for index 3-18,text,true,,3425,146,13,174,4107,0,0
1519580892733,3584,HTTP Request,200,,request for index 3-56,text,true,,3425,144,12,173,3573,0,1
1519580893333,2984,HTTP Request,200,,request for index 3-100,text,true,,3425,150,11,172,2984,0,1
1519580892362,3958,HTTP Request,200,,request for index 3-29,text,true,,3425,147,10,171,3956,0,0
1519580892377,3952,HTTP Request,200,,request for index 3-30,text,true,,3425,143,9,170,3945,0,0
1519580892313,4020,HTTP Request,200,,request for index 3-25,text,true,,3425,141,8,169,4014,0,0
1519580892425,3916,HTTP Request,200,,request for index 3-34,text,true,,3425,144,7,168,3913,0,1
1519580893101,3240,HTTP Request,200,,request for index 3-84,text,true,,3425,145,6,167,3234,0,1
1519580892551,3822,HTTP Request,200,,request for index 3-45,text,true,,3425,145,5,166,3815,0,0
1519580891512,4868,HTTP Request_SignupCheck,200,,signuptest 1-8,text,true,,640,572,75,165,4324,0,121
1519580892785,3597,HTTP Request,200,,request for index 3-59,text,true,,3425,143,4,164,3597,0,0
1519580892823,3560,HTTP Request,200,,request for index 3-62,text,true,,3425,142,3,163,3560,0,1
1519580891792,4592,HTTP Request_SignupCheck,200,,signuptest 1-34,text,true,,640,604,74,162,4087,0,1
1519580892325,4061,HTTP Request,200,,request for index 3-26,text,true,,3425,147,2,161,4061,0,0
1519580891714,4675,HTTP Request_Login check,200,,login Test 2-11,text,true,,651,513,86,160,4675,0,7
1519580891512,4878,HTTP Request_SignupCheck,200,,signuptest 1-6,text,true,,640,556,73,159,4380,0,121
1519580891705,4689,HTTP Request_SignupCheck,200,,signuptest 1-26,text,true,,4198,602,72,158,4216,0,1
1519580892023,4371,HTTP Request_Login check,200,,login Test 2-34,text,true,,651,508,85,158,3933,0,0
1519580892218,4177,HTTP Request_Login check,200,,login Test 2-50,text,true,,651,499,85,157,3730,0,1
1519580891693,4717,HTTP Request_Login check,200,,login Test 2-9,text,true,,651,503,83,155,4717,0,10
1519580891679,4758,HTTP Request_Login check,200,,login Test 2-7,text,true,,651,496,82,154,4758,0,24
1519580891884,4597,HTTP Request_SignupCheck,200,,signuptest 1-43,text,true,,640,598,71,153,4499,0,1
1519580891741,4743,HTTP Request_SignupCheck,200,,signuptest 1-29,text,true,,4198,570,70,152,4743,0,20
1519580893139,3347,HTTP Request,200,,request for index 3-86,text,true,,3425,142,1,151,3252,0,0
1519580891649,4845,HTTP Request_SignupCheck,200,,signuptest 1-23,text,true,,640,564,69,150,4845,0,1
1519580891608,4888,HTTP Request_SignupCheck,200,,signuptest 1-19,text,true,,640,554,68,149,4888,0,26
1519580892176,4323,HTTP Request_SignupCheck,200,,signuptest 1-67,text,true,,640,602,67,148,4323,0,3
1519580891706,4797,HTTP Request_Login check,200,,login Test 2-10,text,true,,651,505,81,147,4797,0,1
1519580891528,4978,HTTP Request_SignupCheck,200,,signuptest 1-11,text,true,,640,593,66,146,4973,0,122
1519580891512,4998,HTTP Request_SignupCheck,200,,signuptest 1-7,text,true,,4198,593,65,145,4998,0,123
1519580892168,4343,HTTP Request_Login check,200,,login Test 2-46,text,true,,651,490,80,144,4330,0,1
1519580892281,4233,HTTP Request_Login check,200,,login Test 2-56,text,true,,651,468,79,143,4223,0,1
1519580892061,4453,HTTP Request_SignupCheck,200,,signuptest 1-59,text,true,,640,567,64,142,4429,0,32
1519580891589,5167,HTTP Request_SignupCheck,200,,signuptest 1-17,text,true,,640,566,63,141,5167,0,43
1519580891513,5365,HTTP Request_SignupCheck,200,,signuptest 1-4,text,true,,640,585,62,140,5365,0,120
1519580892134,4752,HTTP Request_SignupCheck,200,,signuptest 1-64,text,true,,640,588,61,139,4751,0,1
1519580891800,5088,HTTP Request_Login check,200,,login Test 2-18,text,true,,636,505,78,138,5088,0,1
1519580891801,5092,HTTP Request_SignupCheck,200,,signuptest 1-35,text,true,,640,593,60,137,5076,0,1
1519580891765,5129,HTTP Request_SignupCheck,200,,signuptest 1-32,text,true,,640,551,59,136,5129,0,1
1519580891931,4965,HTTP Request_Login check,200,,login Test 2-26,text,true,,651,511,77,135,4964,0,0
1519580891907,4989,HTTP Request_Login check,200,,login Test 2-24,text,true,,651,492,76,134,4989,0,0
1519580891764,5133,HTTP Request_Login check,200,,login Test 2-15,text,true,,651,508,75,133,5133,0,4
1519580891756,5141,HTTP Request_SignupCheck,200,,signuptest 1-30,text,true,,640,605,58,132,5141,0,0
1519580891917,4981,HTTP Request_Login check,200,,login Test 2-25,text,true,,651,507,74,131,4981,0,1
1519580891954,4946,HTTP Request_SignupCheck,200,,signuptest 1-49,text,true,,640,578,57,130,4946,0,1
1519580891513,5396,HTTP Request_SignupCheck,200,,signuptest 1-9,text,true,,640,572,56,129,5371,0,120
1519580892270,4701,HTTP Request_SignupCheck,200,,signuptest 1-75,text,true,,640,574,55,128,4701,0,1
1519580891724,5298,HTTP Request_Login check,200,,login Test 2-12,text,true,,651,511,73,127,5297,0,1
1519580891899,5126,HTTP Request_Login check,200,,login Test 2-23,text,true,,651,513,72,126,5123,0,0
1519580892199,4827,HTTP Request_SignupCheck,200,,signuptest 1-69,text,true,,640,566,54,125,4823,0,0
1519580891966,5062,HTTP Request_SignupCheck,200,,signuptest 1-50,text,true,,640,587,53,124,5062,0,0
1519580891929,5102,HTTP Request_SignupCheck,200,,signuptest 1-47,text,true,,640,565,52,123,5102,0,0
1519580892553,4482,HTTP Request_SignupCheck,200,,signuptest 1-99,text,true,,640,560,51,122,4482,0,0
1519580891777,5259,HTTP Request_SignupCheck,200,,signuptest 1-33,text,true,,640,587,50,121,5259,0,3
1519580892361,4676,HTTP Request_SignupCheck,200,,signuptest 1-83,text,true,,640,558,49,120,4665,0,0
1519580892681,4357,HTTP Request_Login check,200,,login Test 2-80,text,true,,651,491,71,119,4354,0,0
1519580891985,5054,HTTP Request_SignupCheck,200,,signuptest 1-51,text,true,,640,578,48,118,5054,0,1
1519580892917,4124,HTTP Request_Login check,200,,login Test 2-97,text,true,,651,475,70,117,4120,0,0
1519580892084,4989,HTTP Request_Login check,200,,login Test 2-38,text,true,,651,470,69,116,4811,0,1
1519580891658,5416,HTTP Request_Login check,200,,login Test 2-5,text,true,,651,483,68,115,5236,0,0
1519580892309,4766,HTTP Request_SignupCheck,200,,signuptest 1-78,text,true,,640,558,47,114,4576,0,0
1519580892349,4727,HTTP Request_SignupCheck,200,,signuptest 1-82,text,true,,640,604,46,113,4533,0,1
1519580892039,5038,HTTP Request_SignupCheck,200,,signuptest 1-57,text,true,,640,592,45,112,4844,0,1
1519580892015,5062,HTTP Request_SignupCheck,200,,signuptest 1-54,text,true,,640,598,44,111,5062,0,0
1519580891745,5336,HTTP Request_Login check,200,,login Test 2-13,text,true,,651,500,67,110,5155,0,1
1519580892021,5061,HTTP Request_Login check,200,,login Test 2-33,text,true,,651,473,66,109,4878,0,1
1519580892518,4569,HTTP Request_SignupCheck,200,,signuptest 1-96,text,true,,640,595,43,108,4568,0,1
1519580892073,5016,HTTP Request_SignupCheck,200,,signuptest 1-60,text,true,,640,579,42,107,5016,0,0
1519580892441,4648,HTTP Request_SignupCheck,200,,signuptest 1-89,text,true,,640,589,41,106,4648,0,1
1519580891989,5102,HTTP Request_Login check,200,,login Test 2-31,text,true,,651,486,65,105,5102,0,0
1519580892060,5032,HTTP Request_SignupCheck,200,,signuptest 1-58,text,true,,640,569,40,104,5032,0,37
1519580891754,5339,HTTP Request_Login check,200,,login Test 2-14,text,true,,651,482,64,103,5337,0,0
1519580891671,5425,HTTP Request_SignupCheck,200,,signuptest 1-25,text,true,,640,586,39,102,5424,0,30
1519580892373,4724,HTTP Request_SignupCheck,200,,signuptest 1-84,text,true,,640,560,38,101,4719,0,4
1519580892250,4850,HTTP Request_SignupCheck,200,,signuptest 1-73,text,true,,640,557,37,100,4850,0,0
1519580891937,5166,HTTP Request_SignupCheck,200,,signuptest 1-48,text,true,,640,593,36,99,5166,0,1
1519580892029,5080,HTTP Request_SignupCheck,200,,signuptest 1-56,text,true,,640,552,35,98,5061,0,0
1519580891648,5468,HTTP Request_SignupCheck,200,,signuptest 1-22,text,true,,640,602,34,97,5448,0,55
1519580892500,4619,HTTP Request_SignupCheck,200,,signuptest 1-94,text,true,,640,600,33,96,4604,0,0
1519580891857,5264,HTTP Request_SignupCheck,200,,signuptest 1-40,text,true,,640,554,32,95,5229,0,1
1519580892249,4875,HTTP Request_SignupCheck,200,,signuptest 1-72,text,true,,640,601,31,94,4875,0,0
1519580892425,4704,HTTP Request_SignupCheck,200,,signuptest 1-88,text,true,,4198,561,30,93,4659,0,0
1519580892399,4731,HTTP Request_SignupCheck,200,,signuptest 1-86,text,true,,640,562,29,92,4715,0,1
1519580891917,5280,HTTP Request_SignupCheck,200,,signuptest 1-46,text,true,,640,572,28,91,5280,0,1
1519580892141,5065,HTTP Request_Login check,200,,login Test 2-43,text,true,,636,506,63,90,5065,0,1
1519580892449,4788,HTTP Request_SignupCheck,200,,signuptest 1-90,text,true,,640,586,27,89,4788,0,1
1519580891833,5414,HTTP Request_SignupCheck,200,,signuptest 1-37,text,true,,640,564,26,88,5407,0,1
1519580892187,5122,HTTP Request_SignupCheck,200,,signuptest 1-68,text,true,,640,598,25,87,5108,0,0
1519580891953,5532,HTTP Request_Login check,200,,login Test 2-28,text,true,,651,488,62,86,5351,0,1
1519580892029,5456,HTTP Request_SignupCheck,200,,signuptest 1-53,text,true,,640,587,24,85,5244,0,0
1519580892410,5088,HTTP Request_SignupCheck,200,,signuptest 1-87,text,true,,640,587,23,84,5088,0,0
1519580892291,5223,HTTP Request_SignupCheck,200,,signuptest 1-77,text,true,,640,559,22,83,5210,0,10
1519580892323,5191,HTTP Request_SignupCheck,200,,signuptest 1-80,text,true,,640,601,21,82,5177,0,1
1519580892594,4921,HTTP Request_Login check,200,,login Test 2-75,text,true,,651,471,61,81,4919,0,0
1519580892545,5517,HTTP Request_SignupCheck,200,,signuptest 1-98,text,true,,640,599,20,80,5517,0,0
1519580892508,5556,HTTP Request_SignupCheck,200,,signuptest 1-95,text,true,,640,604,19,79,5556,0,0
1519580892847,5230,HTTP Request_Login check,200,,login Test 2-92,text,true,,651,479,60,78,5212,0,1
1519580892799,5930,HTTP Request_Login check,200,,login Test 2-89,text,true,,651,493,59,77,5930,0,6
1519580892245,6490,HTTP Request_Login check,200,,login Test 2-52,text,true,,651,475,58,76,6489,0,1
1519580892714,6026,HTTP Request_Login check,200,,login Test 2-83,text,true,,651,485,57,75,6026,0,1
1519580891868,6918,HTTP Request_Login check,200,,login Test 2-21,text,true,,651,481,56,74,6918,0,1
1519580892533,6379,HTTP Request_Login check,200,,login Test 2-72,text,true,,651,500,55,73,6379,0,0
1519580892441,6474,HTTP Request_Login check,200,,login Test 2-65,text,true,,651,479,54,72,6473,0,1
1519580892703,6227,HTTP Request_Login check,200,,login Test 2-82,text,true,,651,474,53,71,6220,0,0
1519580891880,7116,HTTP Request_Login check,200,,login Test 2-22,text,true,,651,475,52,70,7116,0,1
1519580891812,7239,HTTP Request_Login check,200,,login Test 2-19,text,true,,651,511,51,69,7239,0,1
1519580892767,6285,HTTP Request_Login check,200,,login Test 2-87,text,true,,651,476,50,68,6285,0,0
1519580892409,6646,HTTP Request_Login check,200,,login Test 2-63,text,true,,651,502,49,67,6646,0,1
1519580891965,7094,HTTP Request_Login check,200,,login Test 2-29,text,true,,651,510,48,66,7094,0,1
1519580892022,7041,HTTP Request_SignupCheck,200,,signuptest 1-55,text,true,,640,565,18,65,7041,0,0
1519580892654,6415,HTTP Request_Login check,200,,login Test 2-79,text,true,,651,490,47,64,6404,0,0
1519580892873,6199,HTTP Request_Login check,200,,login Test 2-94,text,true,,651,507,46,63,6184,0,1
1519580892569,6505,HTTP Request_SignupCheck,200,,signuptest 1-100,text,true,,640,553,17,62,6505,0,2
1519580892166,6910,HTTP Request_SignupCheck,200,,signuptest 1-66,text,true,,640,588,16,61,6910,0,0
1519580892088,6991,HTTP Request_SignupCheck,200,,signuptest 1-61,text,true,,640,604,15,60,6991,0,1
1519580892461,6622,HTTP Request_SignupCheck,200,,signuptest 1-91,text,true,,640,582,14,59,6601,0,1
1519580891986,7100,HTTP Request_SignupCheck,200,,signuptest 1-52,text,true,,640,583,13,58,7100,0,44
1519580892221,6868,HTTP Request_SignupCheck,200,,signuptest 1-71,text,true,,640,600,12,57,6868,0,0
1519580891905,7187,HTTP Request_SignupCheck,200,,signuptest 1-45,text,true,,640,557,11,56,7187,0,1
1519580891897,7198,HTTP Request_SignupCheck,200,,signuptest 1-44,text,true,,640,595,10,55,7166,0,1
1519580892513,6586,HTTP Request_Login check,200,,login Test 2-70,text,true,,651,511,45,54,6586,0,1
1519580892485,6615,HTTP Request_Login check,200,,login Test 2-68,text,true,,651,487,44,53,6576,0,0
1519580891844,7257,HTTP Request_SignupCheck,200,,signuptest 1-39,text,true,,640,577,9,52,7222,0,1
1519580892387,6715,HTTP Request_SignupCheck,200,,signuptest 1-85,text,true,,640,555,8,51,6684,0,1
1519580892337,6766,HTTP Request_SignupCheck,200,,signuptest 1-81,text,true,,640,578,7,50,6744,0,1
1519580892530,6579,HTTP Request_SignupCheck,200,,signuptest 1-97,text,true,,640,567,6,49,6568,0,0
1519580892487,6622,HTTP Request_SignupCheck,200,,signuptest 1-93,text,true,,640,557,5,48,6608,0,0
1519580892102,7010,HTTP Request_Login check,200,,login Test 2-40,text,true,,651,482,43,47,7010,0,1
1519580892137,6977,HTTP Request_Login check,200,,login Test 2-42,text,true,,651,489,42,46,6977,0,0
1519580892158,6964,HTTP Request_Login check,200,,login Test 2-45,text,true,,651,514,41,45,6964,0,1
1519580892059,7150,HTTP Request_Login check,200,,login Test 2-36,text,true,,651,479,40,44,7127,0,51
1519580892867,6342,HTTP Request_Login check,200,,login Test 2-93,text,true,,651,512,39,43,6337,0,1
1519580892246,6972,HTTP Request_Login check,200,,login Test 2-53,text,true,,651,492,38,42,6971,0,1
1519580892033,7185,HTTP Request_Login check,200,,login Test 2-30,text,true,,651,472,37,41,7181,0,1
1519580892108,7115,HTTP Request_SignupCheck,200,,signuptest 1-62,text,true,,640,591,4,40,7115,0,1
1519580892951,6274,HTTP Request_Login check,200,,login Test 2-99,text,true,,651,504,36,39,6274,0,0
1519580892740,6486,HTTP Request_Login check,200,,login Test 2-85,text,true,,651,506,35,38,6486,0,1
1519580892066,7198,HTTP Request_Login check,200,,login Test 2-37,text,true,,651,505,34,37,7198,0,9
1519580891786,7484,HTTP Request_Login check,200,,login Test 2-17,text,true,,651,482,33,36,7484,0,0
1519580891669,7665,HTTP Request_Login check,200,,login Test 2-6,text,true,,651,502,32,35,7665,0,28
1519580892179,7164,HTTP Request_Login check,200,,login Test 2-47,text,true,,651,510,31,34,7164,0,1
1519580892900,6445,HTTP Request_Login check,200,,login Test 2-96,text,true,,651,493,30,33,6445,0,1
1519580892393,6955,HTTP Request_Login check,200,,login Test 2-62,text,true,,651,492,29,32,6955,0,6
1519580892965,6385,HTTP Request_Login check,200,,login Test 2-100,text,true,,651,485,28,31,6385,0,0
1519580892729,6621,HTTP Request_Login check,200,,login Test 2-84,text,true,,651,512,27,30,6620,0,1
1519580892133,7221,HTTP Request_SignupCheck,200,,signuptest 1-63,text,true,,640,565,3,29,7221,0,1
1519580892457,6898,HTTP Request_Login check,200,,login Test 2-66,text,true,,651,495,26,28,6897,0,0
1519580892473,6885,HTTP Request_SignupCheck,200,,signuptest 1-92,text,true,,640,578,2,27,6885,0,1
1519580892817,6546,HTTP Request_Login check,200,,login Test 2-90,text,true,,651,476,25,26,6546,0,1
1519580892094,7272,HTTP Request_Login check,200,,login Test 2-39,text,true,,651,485,24,25,7272,0,1
1519580892545,6826,HTTP Request_Login check,200,,login Test 2-73,text,true,,651,510,23,24,6825,0,1
1519580892282,7129,HTTP Request_SignupCheck,200,,signuptest 1-76,text,true,,640,601,1,23,7129,0,1
1519580892617,6797,HTTP Request_Login check,200,,login Test 2-77,text,true,,651,499,22,22,6794,0,1
1519580892353,7072,HTTP Request_Login check,200,,login Test 2-60,text,true,,651,508,21,21,7060,0,1
1519580892789,6658,HTTP Request_Login check,200,,login Test 2-88,text,true,,651,472,20,20,6657,0,1
1519580892604,6850,HTTP Request_Login check,200,,login Test 2-76,text,true,,651,508,19,19,6842,0,1
1519580892424,7033,HTTP Request_Login check,200,,login Test 2-64,text,true,,651,503,18,18,7033,0,0
1519580892013,7454,HTTP Request_Login check,200,,login Test 2-32,text,true,,651,476,17,17,7453,0,1
1519580892935,6534,HTTP Request_Login check,200,,login Test 2-98,text,true,,651,474,16,16,6530,0,1
1519580892525,6948,HTTP Request_Login check,200,,login Test 2-71,text,true,,651,481,15,15,6945,0,0
1519580892273,7204,HTTP Request_Login check,200,,login Test 2-55,text,true,,651,482,14,14,7204,0,0
1519580892229,7261,HTTP Request_Login check,200,,login Test 2-51,text,true,,651,498,13,13,7261,0,1
1519580892059,7436,HTTP Request_Login check,200,,login Test 2-35,text,true,,651,504,12,12,7435,0,42
1519580892272,7223,HTTP Request_Login check,200,,login Test 2-54,text,true,,651,491,11,11,7223,0,0
1519580892829,6682,HTTP Request_Login check,200,,login Test 2-91,text,true,,651,493,10,10,6678,0,1
1519580892642,6882,HTTP Request_Login check,200,,login Test 2-78,text,true,,651,490,9,9,6881,0,1
1519580892114,7440,HTTP Request_Login check,200,,login Test 2-41,text,true,,651,499,8,8,7440,0,1
1519580892495,7061,HTTP Request_Login check,200,,login Test 2-69,text,true,,651,481,7,7,7061,0,0
1519580892560,7057,HTTP Request_Login check,200,,login Test 2-74,text,true,,651,491,6,6,7056,0,0
1519580892200,7428,HTTP Request_Login check,200,,login Test 2-49,text,true,,651,493,5,5,7427,0,0
1519580892750,6901,HTTP Request_Login check,200,,login Test 2-86,text,true,,651,505,4,4,6901,0,1
1519580892889,6790,HTTP Request_Login check,200,,login Test 2-95,text,true,,651,478,3,3,6785,0,0
1519580892467,7243,HTTP Request_Login check,200,,login Test 2-67,text,true,,651,486,2,2,7239,0,1
1519580892678,7044,HTTP Request_Login check,200,,login Test 2-81,text,true,,651,502,1,1,7044,0,1
1519584606677,926,HTTP Request_Login check,200,,login Test 2-55,text,true,,636,493,84,223,925,0,1
1519584605864,1742,HTTP Request_Login check,200,,login Test 2-12,text,true,,636,473,84,224,1742,0,102
1519584606572,1091,HTTP Request_Login check,200,,login Test 2-49,text,true,,636,508,82,224,1033,0,2
1519584605766,1897,HTTP Request_Login check,200,,login Test 2-4,text,true,,636,489,81,223,1839,0,146
1519584605817,1848,HTTP Request_Login check,200,,login Test 2-8,text,true,,636,472,80,222,1793,0,99
1519584605853,1976,HTTP Request_Login check,200,,login Test 2-11,text,true,,651,471,86,238,1949,0,121
1519584605666,2211,HTTP Request_SignupCheck,200,,signuptest 1-12,text,true,,640,587,100,243,2210,0,248
1519584605834,2049,HTTP Request_Login check,200,,login Test 2-10,text,true,,651,482,90,243,2049,0,87
1519584605847,2322,HTTP Request_SignupCheck,200,,signuptest 1-40,text,true,,640,602,99,265,2291,0,72
1519584605785,2487,HTTP Request_SignupCheck,200,,signuptest 1-34,text,true,,640,568,98,272,2437,0,147
1519584605918,2359,HTTP Request_SignupCheck,200,,signuptest 1-44,text,true,,640,563,97,271,2359,0,10
1519584605667,2701,HTTP Request_SignupCheck,200,,signuptest 1-21,text,true,,640,595,96,276,2701,0,259
1519584605665,2715,HTTP Request_SignupCheck,200,,signuptest 1-16,text,true,,640,592,95,277,2701,0,269
1519584605665,2762,HTTP Request_SignupCheck,200,,signuptest 1-1,text,true,,640,578,94,279,2761,0,260
1519584605664,2869,HTTP Request_SignupCheck,200,,signuptest 1-18,text,true,,640,601,93,282,2869,0,310
1519584606063,2477,HTTP Request_Login check,200,,login Test 2-23,text,true,,651,478,93,281,2476,0,6
1519584607606,1015,HTTP Request,200,,request for index 3-40,text,true,,3425,144,100,284,756,0,1
1519584605764,2903,HTTP Request_SignupCheck,200,,signuptest 1-32,text,true,,640,598,92,283,2902,0,162
1519584605930,2944,HTTP Request_Login check,200,,login Test 2-16,text,true,,651,497,92,282,2944,0,2
1519584605666,3208,HTTP Request_SignupCheck,200,,signuptest 1-15,text,true,,640,598,91,281,3208,0,247
1519584605666,3248,HTTP Request_SignupCheck,200,,signuptest 1-3,text,true,,640,564,90,280,3248,0,247
1519584607218,1699,HTTP Request,200,,request for index 3-17,text,true,,3425,141,99,279,1699,0,1
1519584605828,3101,HTTP Request_Login check,200,,login Test 2-9,text,true,,651,504,91,278,3101,0,134
1519584607022,1944,HTTP Request,200,,request for index 3-11,text,true,,3425,147,98,277,1944,0,1
1519584607794,1183,HTTP Request,200,,request for index 3-49,text,true,,3425,143,97,276,1183,0,7
1519584605662,3326,HTTP Request_SignupCheck,200,,signuptest 1-8,text,true,,640,572,89,275,3326,0,261
1519584605949,3045,HTTP Request_SignupCheck,200,,signuptest 1-47,text,true,,640,570,88,274,3045,0,1
1519584605666,3328,HTTP Request_SignupCheck,200,,signuptest 1-9,text,true,,640,602,87,273,3304,0,296
1519584606999,2000,HTTP Request,200,,request for index 3-9,text,true,,3425,143,96,272,1922,0,0
1519584607021,1979,HTTP Request,200,,request for index 3-7,text,true,,3425,142,95,271,1932,0,1
1519584607965,1036,HTTP Request,200,,request for index 3-59,text,true,,3425,143,94,270,968,0,1
1519584608052,951,HTTP Request,200,,request for index 3-65,text,true,,3425,148,93,269,879,0,1
1519584607142,1865,HTTP Request,200,,request for index 3-16,text,true,,3425,147,92,268,1820,0,8
1519584605814,3201,HTTP Request_SignupCheck,200,,signuptest 1-37,text,true,,640,565,86,267,3201,0,144
1519584606317,2707,HTTP Request_SignupCheck,200,,signuptest 1-75,text,true,,640,592,85,266,2707,0,1
1519584607677,1355,HTTP Request,200,,request for index 3-42,text,true,,3425,143,91,265,1354,0,1
1519584606997,2075,HTTP Request,200,,request for index 3-6,text,true,,3425,146,90,264,2058,0,15
1519584607392,1700,HTTP Request,200,,request for index 3-27,text,true,,3425,144,89,263,1680,0,3
1519584605738,3368,HTTP Request_Login check,200,,login Test 2-3,text,true,,651,504,90,262,3368,0,184
1519584605874,3288,HTTP Request_SignupCheck,200,,signuptest 1-41,text,true,,640,554,84,261,3288,0,40
1519584606374,2793,HTTP Request_SignupCheck,200,,signuptest 1-79,text,true,,640,572,83,260,2792,0,8
1519584608087,1090,HTTP Request,200,,request for index 3-67,text,true,,3425,146,88,259,1021,0,0
1519584607750,1431,HTTP Request,200,,request for index 3-47,text,true,,3425,141,87,258,1431,0,1
1519584608186,999,HTTP Request,200,,request for index 3-75,text,true,,3425,144,86,257,943,0,0
1519584608244,977,HTTP Request,200,,request for index 3-79,text,true,,3425,147,85,256,921,0,1
1519584608379,870,HTTP Request,200,,request for index 3-88,text,true,,3425,142,84,255,870,0,1
1519584607827,1482,HTTP Request,200,,request for index 3-52,text,true,,3425,146,83,254,1479,0,2
1519584608132,1213,HTTP Request,200,,request for index 3-71,text,true,,3425,147,82,253,1141,0,1
1519584607436,2381,HTTP Request,200,,request for index 3-29,text,true,,3425,147,81,252,2370,0,1
1519584607771,2187,HTTP Request,200,,request for index 3-48,text,true,,3425,147,80,251,2186,0,2
1519584608412,1553,HTTP Request,200,,request for index 3-91,text,true,,3425,142,79,250,1553,0,2
1519584607024,2943,HTTP Request,200,,request for index 3-10,text,true,,3425,143,78,249,2943,0,1
1519584608271,1696,HTTP Request,200,,request for index 3-81,text,true,,3425,148,78,249,1696,0,1
1519584607134,2833,HTTP Request,200,,request for index 3-15,text,true,,3425,148,77,248,2833,0,7
1519584607108,2860,HTTP Request,200,,request for index 3-14,text,true,,3425,142,76,247,2860,0,1
1519584605844,4125,HTTP Request_SignupCheck,200,,signuptest 1-39,text,true,,640,563,82,246,4125,0,75
1519584606978,3004,HTTP Request,200,,request for index 3-1,text,true,,3425,151,74,244,3004,0,1
1519584607227,2812,HTTP Request,200,,request for index 3-18,text,true,,3425,146,73,243,2757,0,1
1519584607013,3092,HTTP Request,200,,request for index 3-8,text,true,,3425,148,72,242,3092,0,0
1519584608122,2075,HTTP Request,200,,request for index 3-70,text,true,,3425,144,71,241,2026,0,2
1519584608039,2194,HTTP Request,200,,request for index 3-64,text,true,,3425,144,70,240,2194,0,1
1519584606993,3250,HTTP Request,200,,request for index 3-3,text,true,,3425,145,69,239,3213,0,1
1519584607113,3131,HTTP Request,200,,request for index 3-13,text,true,,3425,147,68,238,3131,0,2
1519584607651,2610,HTTP Request,200,,request for index 3-43,text,true,,3425,149,67,237,2587,0,2
1519584607438,2826,HTTP Request,200,,request for index 3-30,text,true,,3425,143,66,236,2826,0,2
1519584607257,3035,HTTP Request,200,,request for index 3-20,text,true,,3425,146,65,235,3035,0,0
1519584607543,2749,HTTP Request,200,,request for index 3-36,text,true,,3425,142,64,234,2726,0,0
1519584607978,2327,HTTP Request,200,,request for index 3-60,text,true,,3425,144,63,233,2316,0,2
1519584608146,2167,HTTP Request,200,,request for index 3-72,text,true,,3425,145,62,232,2167,0,1
1519584607270,3045,HTTP Request,200,,request for index 3-21,text,true,,3425,145,61,231,3044,0,2
1519584607338,2978,HTTP Request,200,,request for index 3-24,text,true,,3425,141,60,230,2978,0,1
1519584607041,3282,HTTP Request,200,,request for index 3-12,text,true,,3425,147,59,229,3252,0,2
1519584607478,2852,HTTP Request,200,,request for index 3-32,text,true,,3425,141,58,228,2852,0,1
1519584607879,2486,HTTP Request,200,,request for index 3-54,text,true,,3425,144,57,227,2463,0,0
1519584607951,2418,HTTP Request,200,,request for index 3-58,text,true,,3425,147,56,226,2376,0,2
1519584608011,2382,HTTP Request,200,,request for index 3-62,text,true,,3425,142,55,225,2360,0,1
1519584606957,3476,HTTP Request,200,,request for index 3-4,text,true,,3425,144,54,224,3469,0,1
1519584607680,2764,HTTP Request,200,,request for index 3-44,text,true,,3425,150,53,223,2764,0,1
1519584607363,3118,HTTP Request,200,,request for index 3-26,text,true,,3425,147,52,222,3118,0,1
1519584607408,3074,HTTP Request,200,,request for index 3-28,text,true,,3425,144,51,221,3017,0,3
1519584607264,3232,HTTP Request,200,,request for index 3-19,text,true,,3425,144,50,220,3231,0,3
1519584607915,2590,HTTP Request,200,,request for index 3-56,text,true,,3425,144,49,219,2565,0,1
1519584607567,2947,HTTP Request,200,,request for index 3-38,text,true,,3425,150,48,218,2947,0,14
1519584608259,2339,HTTP Request,200,,request for index 3-80,text,true,,3425,143,47,217,2305,0,1
1519584608425,2264,HTTP Request,200,,request for index 3-92,text,true,,3425,148,46,216,2242,0,0
1519584607518,3176,HTTP Request,200,,request for index 3-34,text,true,,3425,144,45,215,3176,0,1
1519584608092,2604,HTTP Request,200,,request for index 3-68,text,true,,3425,142,44,214,2604,0,0
1519584608333,2377,HTTP Request,200,,request for index 3-86,text,true,,3425,142,43,213,2377,0,2
1519584608176,2537,HTTP Request,200,,request for index 3-74,text,true,,3425,143,42,212,2496,0,1
1519584607724,3021,HTTP Request,200,,request for index 3-45,text,true,,3425,145,41,211,3021,0,0
1519584608229,2534,HTTP Request,200,,request for index 3-78,text,true,,3425,147,40,210,2534,0,1
1519584608458,2333,HTTP Request,200,,request for index 3-94,text,true,,3425,144,39,209,2332,0,1
1519584608283,2511,HTTP Request,200,,request for index 3-82,text,true,,3425,147,38,208,2511,0,1
1519584608589,2245,HTTP Request,200,,request for index 3-100,text,true,,3425,150,37,207,2230,0,1
1519584608308,2559,HTTP Request,200,,request for index 3-84,text,true,,3425,145,36,206,2559,0,0
1519584608555,2343,HTTP Request,200,,request for index 3-98,text,true,,3425,143,35,205,2319,0,0
1519584606549,4403,HTTP Request_SignupCheck,200,,signuptest 1-89,text,true,,4198,557,81,204,3420,0,1
1519584605694,5272,HTTP Request_SignupCheck,200,,signuptest 1-24,text,true,,640,581,80,203,5270,0,268
1519584608066,2901,HTTP Request,200,,request for index 3-66,text,true,,3425,145,34,202,2899,0,1
1519584608373,2600,HTTP Request,200,,request for index 3-89,text,true,,3425,141,33,201,2599,0,0
1519584608323,2658,HTTP Request,200,,request for index 3-85,text,true,,3425,143,32,200,2654,0,1
1519584608393,2592,HTTP Request,200,,request for index 3-90,text,true,,3425,145,31,199,2580,0,1
1519584607010,3998,HTTP Request,200,,request for index 3-2,text,true,,3425,146,30,198,3998,0,1
1519584608027,2984,HTTP Request,200,,request for index 3-63,text,true,,3425,145,29,197,2984,0,0
1519584607524,3493,HTTP Request,200,,request for index 3-35,text,true,,3425,148,28,196,3482,0,1
1519584607257,3804,HTTP Request_Login check,200,,login Test 2-75,text,true,,651,499,89,195,3790,0,1
1519584607863,3206,HTTP Request,200,,request for index 3-53,text,true,,3425,148,27,194,3202,0,0
1519584608531,2548,HTTP Request,200,,request for index 3-97,text,true,,3425,142,26,193,2545,0,0
1519584607615,3472,HTTP Request,200,,request for index 3-41,text,true,,3425,145,25,192,3472,0,1
1519584608202,2894,HTTP Request,200,,request for index 3-76,text,true,,3425,145,24,191,2878,0,1
1519584607895,3233,HTTP Request,200,,request for index 3-55,text,true,,3425,146,23,190,3233,0,0
1519584607464,3674,HTTP Request,200,,request for index 3-31,text,true,,3425,141,22,189,3674,0,1
1519584607809,3337,HTTP Request,200,,request for index 3-50,text,true,,3425,147,21,188,3337,0,1
1519584607921,3226,HTTP Request,200,,request for index 3-57,text,true,,3425,142,20,187,3226,0,1
1519584606899,4250,HTTP Request_Login check,200,,login Test 2-66,text,true,,651,495,88,186,4153,0,10
1519584606134,5021,HTTP Request_Login check,200,,login Test 2-27,text,true,,651,509,87,185,5021,0,2
1519584607502,3660,HTTP Request,200,,request for index 3-33,text,true,,3425,145,19,184,3659,0,1
1519584607819,3346,HTTP Request,200,,request for index 3-51,text,true,,3425,144,18,183,3345,0,2
1519584607328,3851,HTTP Request,200,,request for index 3-23,text,true,,3425,143,17,182,3823,0,6
1519584607359,3820,HTTP Request,200,,request for index 3-25,text,true,,3425,141,16,181,3800,0,4
1519584607555,3625,HTTP Request,200,,request for index 3-37,text,true,,3425,146,15,180,3625,0,1
1519584608347,2835,HTTP Request,200,,request for index 3-87,text,true,,3425,145,14,179,2827,0,1
1519584606031,5204,HTTP Request_SignupCheck,200,,signuptest 1-54,text,true,,640,558,79,178,3940,0,0
1519584605888,5348,HTTP Request_Login check,200,,login Test 2-14,text,true,,651,487,86,177,5300,0,24
1519584608167,3179,HTTP Request,200,,request for index 3-73,text,true,,3425,144,13,176,3179,0,0
1519584608215,3132,HTTP Request,200,,request for index 3-77,text,true,,3425,148,12,175,3132,0,0
1519584608295,3053,HTTP Request,200,,request for index 3-83,text,true,,3425,142,11,174,3053,0,2
1519584608107,3247,HTTP Request,200,,request for index 3-69,text,true,,3425,145,10,173,3247,0,2
1519584607018,4342,HTTP Request,200,,request for index 3-5,text,true,,3425,147,9,172,4341,0,1
1519584606103,5258,HTTP Request_Login check,200,,login Test 2-25,text,true,,651,510,85,171,5258,0,1
1519584607713,3650,HTTP Request,200,,request for index 3-46,text,true,,3425,145,8,170,3650,0,0
1519584605951,5418,HTTP Request_Login check,200,,login Test 2-17,text,true,,651,503,84,169,5414,0,9
1519584608545,2826,HTTP Request,200,,request for index 3-96,text,true,,3425,144,7,168,2826,0,1
1519584606416,4956,HTTP Request_SignupCheck,200,,signuptest 1-81,text,true,,640,574,78,167,4955,0,9
1519584608580,2798,HTTP Request,200,,request for index 3-99,text,true,,3425,149,6,166,2798,0,1
1519584607998,3382,HTTP Request,200,,request for index 3-61,text,true,,3425,142,5,165,3382,0,1
1519584606687,4695,HTTP Request_Login check,200,,login Test 2-56,text,true,,651,471,83,164,4694,0,2
1519584606554,4829,HTTP Request_Login check,200,,login Test 2-45,text,true,,651,491,82,163,4829,0,11
1519584605749,5649,HTTP Request_SignupCheck,200,,signuptest 1-30,text,true,,640,596,77,162,5601,0,170
1519584606561,4840,HTTP Request_Login check,200,,login Test 2-48,text,true,,651,506,81,161,4837,0,1
1519584607338,4066,HTTP Request,200,,request for index 3-22,text,true,,3425,144,4,160,4015,0,1
1519584606352,5061,HTTP Request_Login check,200,,login Test 2-35,text,true,,651,493,80,159,4884,0,3
1519584605751,5665,HTTP Request_Login check,200,,login Test 2-2,text,true,,651,472,79,158,5665,0,178
1519584608485,2941,HTTP Request,200,,request for index 3-95,text,true,,3425,147,3,157,2883,0,1
1519584607585,3901,HTTP Request,200,,request for index 3-39,text,true,,3425,143,2,156,3539,0,2
1519584605874,5612,HTTP Request_Login check,200,,login Test 2-13,text,true,,651,487,78,155,4096,0,38
1519584605667,5820,HTTP Request_SignupCheck,200,,signuptest 1-20,text,true,,640,554,76,154,4302,0,269
1519584605932,5556,HTTP Request_SignupCheck,200,,signuptest 1-46,text,true,,640,562,75,153,4036,0,7
1519584606304,5184,HTTP Request_Login check,200,,login Test 2-34,text,true,,651,505,77,152,3664,0,1
1519584605667,5821,HTTP Request_SignupCheck,200,,signuptest 1-19,text,true,,640,566,74,151,4298,0,268
1519584605683,5806,HTTP Request_SignupCheck,200,,signuptest 1-23,text,true,,640,569,73,150,4274,0,236
1519584606274,5216,HTTP Request_Login check,200,,login Test 2-32,text,true,,651,494,76,149,3708,0,9
1519584606082,5412,HTTP Request_Login check,200,,login Test 2-24,text,true,,651,490,75,148,4220,0,1
1519584606170,5324,HTTP Request_Login check,200,,login Test 2-29,text,true,,651,499,74,147,5324,0,18
1519584605666,5829,HTTP Request_SignupCheck,200,,signuptest 1-5,text,true,,640,588,72,146,5829,0,295
1519584605903,5593,HTTP Request_Login check,200,,login Test 2-15,text,true,,651,498,73,145,4429,0,56
1519584606470,5027,HTTP Request_SignupCheck,200,,signuptest 1-86,text,true,,640,564,71,144,5027,0,7
1519584606122,5376,HTTP Request_Login check,200,,login Test 2-26,text,true,,651,486,72,143,4221,0,31
1519584606174,5324,HTTP Request_SignupCheck,200,,signuptest 1-64,text,true,,640,575,70,142,5324,0,13
1519584605961,5538,HTTP Request_SignupCheck,200,,signuptest 1-48,text,true,,640,605,69,141,5382,0,0
1519584606642,4858,HTTP Request_Login check,200,,login Test 2-51,text,true,,651,498,71,140,3964,0,12
1519584606960,4540,HTTP Request_Login check,200,,login Test 2-68,text,true,,651,488,70,139,3825,0,60
1519584606636,4864,HTTP Request_Login check,200,,login Test 2-52,text,true,,651,480,69,138,4206,0,15
1519584607276,4225,HTTP Request_Login check,200,,login Test 2-77,text,true,,651,499,68,137,3576,0,3
1519584606650,4851,HTTP Request_Login check,200,,login Test 2-53,text,true,,651,482,67,136,4272,0,2
1519584606402,5100,HTTP Request_Login check,200,,login Test 2-39,text,true,,651,509,66,135,4549,0,23
1519584606528,4974,HTTP Request_Login check,200,,login Test 2-46,text,true,,651,484,65,134,4544,0,25
1519584606563,4939,HTTP Request_Login check,200,,login Test 2-42,text,true,,651,492,64,133,4035,0,1
1519584606351,5152,HTTP Request_Login check,200,,login Test 2-36,text,true,,651,506,63,132,4247,0,6
1519584607081,4434,HTTP Request_Login check,200,,login Test 2-72,text,true,,651,472,62,131,4414,0,8
1519584605927,5589,HTTP Request_SignupCheck,200,,signuptest 1-45,text,true,,640,584,68,130,5570,0,1
1519584608444,3169,HTTP Request,200,,request for index 3-93,text,true,,3425,145,1,129,2929,0,1
1519584605968,5659,HTTP Request_Login check,200,,login Test 2-19,text,true,,651,481,61,128,5659,0,1
1519584605666,5962,HTTP Request_SignupCheck,200,,signuptest 1-13,text,true,,640,592,67,127,5962,0,296
1519584606218,5413,HTTP Request_SignupCheck,200,,signuptest 1-67,text,true,,640,589,66,126,5413,0,1
1519584605666,6134,HTTP Request_SignupCheck,200,,signuptest 1-6,text,true,,640,581,65,125,6001,0,259
1519584605697,6213,HTTP Request_SignupCheck,200,,signuptest 1-25,text,true,,640,571,64,124,6213,0,265
1519584605666,6428,HTTP Request_SignupCheck,200,,signuptest 1-14,text,true,,640,587,63,123,6428,0,300
1519584605666,6460,HTTP Request_SignupCheck,200,,signuptest 1-11,text,true,,640,593,62,122,6459,0,293
1519584606465,5662,HTTP Request_Login check,200,,login Test 2-40,text,true,,651,472,60,121,5661,0,1
1519584605666,6474,HTTP Request_SignupCheck,200,,signuptest 1-7,text,true,,4198,568,61,120,6436,0,298
1519584606272,5872,HTTP Request_SignupCheck,200,,signuptest 1-70,text,true,,640,581,60,119,5872,0,1
1519584606726,5419,HTTP Request_SignupCheck,200,,signuptest 1-99,text,true,,640,592,59,118,5370,0,60
1519584606633,5513,HTTP Request_SignupCheck,200,,signuptest 1-95,text,true,,640,595,58,117,5513,0,2
1519584605665,6481,HTTP Request_SignupCheck,200,,signuptest 1-17,text,true,,640,561,58,117,6481,0,257
1519584605804,6382,HTTP Request_SignupCheck,200,,signuptest 1-35,text,true,,640,604,56,115,6297,0,154
1519584605903,6286,HTTP Request_SignupCheck,200,,signuptest 1-43,text,true,,640,582,55,114,6286,0,20
1519584606586,5605,HTTP Request_SignupCheck,200,,signuptest 1-93,text,true,,640,594,54,113,5605,0,2
1519584605803,6395,HTTP Request_Login check,200,,login Test 2-7,text,true,,636,480,59,112,6395,0,119
1519584605702,6501,HTTP Request_SignupCheck,200,,signuptest 1-26,text,true,,640,587,53,111,6420,0,221
1519584605774,6432,HTTP Request_SignupCheck,200,,signuptest 1-33,text,true,,640,600,52,110,6432,0,200
1519584605665,6542,HTTP Request_SignupCheck,200,,signuptest 1-10,text,true,,640,572,51,109,6542,0,301
1519584605667,6544,HTTP Request_SignupCheck,200,,signuptest 1-22,text,true,,640,593,50,108,6543,0,297
1519584605716,6625,HTTP Request_SignupCheck,200,,signuptest 1-27,text,true,,640,579,49,107,6622,0,203
1519584607794,5427,HTTP Request_Login check,200,,login Test 2-88,text,true,,651,468,58,106,5417,0,4
1519584605975,7276,HTTP Request_SignupCheck,200,,signuptest 1-49,text,true,,640,562,48,105,7276,0,3
1519584606901,6358,HTTP Request_Login check,200,,login Test 2-65,text,true,,651,504,57,104,6333,0,2
1519584606625,6636,HTTP Request_SignupCheck,200,,signuptest 1-96,text,true,,4198,605,47,103,6636,0,1
1519584605724,7539,HTTP Request_SignupCheck,200,,signuptest 1-28,text,true,,640,577,46,102,7539,0,240
1519584605998,7268,HTTP Request_SignupCheck,200,,signuptest 1-51,text,true,,640,599,45,101,7268,0,0
1519584606144,7129,HTTP Request_SignupCheck,200,,signuptest 1-62,text,true,,640,551,44,100,7125,0,0
1519584607242,6039,HTTP Request_Login check,200,,login Test 2-73,text,true,,651,475,56,99,6008,0,3
1519584607376,5993,HTTP Request_Login check,200,,login Test 2-83,text,true,,651,504,55,98,5985,0,3
1519584606725,6819,HTTP Request_Login check,200,,login Test 2-58,text,true,,651,505,54,97,6615,0,86
1519584607873,5676,HTTP Request_Login check,200,,login Test 2-96,text,true,,651,493,53,96,5467,0,1
1519584606049,7503,HTTP Request_SignupCheck,200,,signuptest 1-55,text,true,,640,575,43,95,7503,0,1
1519584605767,7790,HTTP Request_Login check,200,,login Test 2-5,text,true,,651,493,52,94,7785,0,156
1519584606537,7022,HTTP Request_SignupCheck,200,,signuptest 1-85,text,true,,640,556,42,93,7022,0,40
1519584606137,7424,HTTP Request_SignupCheck,200,,signuptest 1-61,text,true,,640,570,41,92,7424,0,1
1519584606242,7326,HTTP Request_SignupCheck,200,,signuptest 1-69,text,true,,640,580,40,91,7323,0,1
1519584605734,7837,HTTP Request_SignupCheck,200,,signuptest 1-29,text,true,,640,598,39,90,7836,0,187
1519584606169,7404,HTTP Request_SignupCheck,200,,signuptest 1-58,text,true,,640,592,38,89,7404,0,1
1519584606467,7111,HTTP Request_SignupCheck,200,,signuptest 1-82,text,true,,640,588,37,88,7111,0,84
1519584605825,7755,HTTP Request_SignupCheck,200,,signuptest 1-38,text,true,,640,570,36,87,7755,0,87
1519584606594,6991,HTTP Request_SignupCheck,200,,signuptest 1-94,text,true,,640,605,35,86,6989,0,36
1519584605754,7834,HTTP Request_SignupCheck,200,,signuptest 1-31,text,true,,640,604,34,85,7834,0,158
1519584606025,7566,HTTP Request_SignupCheck,200,,signuptest 1-53,text,true,,640,605,33,84,7566,0,1
1519584606157,7437,HTTP Request_SignupCheck,200,,signuptest 1-63,text,true,,640,562,32,83,7437,0,4
1519584606104,7493,HTTP Request_SignupCheck,200,,signuptest 1-59,text,true,,640,587,31,82,7492,0,0
1519584605879,7865,HTTP Request_SignupCheck,200,,signuptest 1-42,text,true,,640,606,30,81,7865,0,85
1519584606083,7663,HTTP Request_SignupCheck,200,,signuptest 1-57,text,true,,640,608,29,80,7663,0,0
1519584606394,7355,HTTP Request_SignupCheck,200,,signuptest 1-80,text,true,,640,591,28,79,7355,0,23
1519584606707,7053,HTTP Request_SignupCheck,200,,signuptest 1-100,text,true,,640,594,27,78,7053,0,3
1519584606802,6958,HTTP Request_Login check,200,,login Test 2-61,text,true,,651,477,51,77,6956,0,1
1519584606483,7279,HTTP Request_SignupCheck,200,,signuptest 1-83,text,true,,640,576,26,76,7279,0,21
1519584605665,8098,HTTP Request_SignupCheck,200,,signuptest 1-4,text,true,,640,570,25,75,8098,0,269
1519584606643,7123,HTTP Request_SignupCheck,200,,signuptest 1-97,text,true,,640,578,24,74,7123,0,20
1519584605957,7809,HTTP Request_Login check,200,,login Test 2-18,text,true,,651,515,50,73,7785,0,3
1519584606346,7421,HTTP Request_SignupCheck,200,,signuptest 1-76,text,true,,640,573,23,72,7421,0,7
1519584606503,7266,HTTP Request_SignupCheck,200,,signuptest 1-87,text,true,,640,564,22,71,7266,0,73
1519584606566,7206,HTTP Request_SignupCheck,200,,signuptest 1-92,text,true,,640,604,21,70,7206,0,2
1519584606310,7476,HTTP Request_SignupCheck,200,,signuptest 1-74,text,true,,4198,603,20,69,7475,0,10
1519584606520,7267,HTTP Request_SignupCheck,200,,signuptest 1-84,text,true,,640,604,19,68,7267,0,2
1519584606368,7422,HTTP Request_SignupCheck,200,,signuptest 1-78,text,true,,640,603,18,67,7421,0,9
1519584606181,7612,HTTP Request_SignupCheck,200,,signuptest 1-65,text,true,,640,599,17,66,7611,0,4
1519584606675,7120,HTTP Request_SignupCheck,200,,signuptest 1-98,text,true,,640,574,16,65,7120,0,53
1519584606273,7525,HTTP Request_SignupCheck,200,,signuptest 1-71,text,true,,640,580,15,64,7524,0,16
1519584606545,7255,HTTP Request_SignupCheck,200,,signuptest 1-91,text,true,,640,610,14,63,7255,0,30
1519584605983,7819,HTTP Request_SignupCheck,200,,signuptest 1-50,text,true,,640,570,13,62,7819,0,1
1519584605666,8137,HTTP Request_SignupCheck,200,,signuptest 1-2,text,true,,640,571,12,61,8137,0,262
1519584606544,7263,HTTP Request_SignupCheck,200,,signuptest 1-88,text,true,,640,568,11,60,7263,0,9
1519584606121,7688,HTTP Request_SignupCheck,200,,signuptest 1-60,text,true,,640,595,10,59,7688,0,17
1519584605810,8002,HTTP Request_SignupCheck,200,,signuptest 1-36,text,true,,640,558,9,58,8001,0,116
1519584606235,7579,HTTP Request_SignupCheck,200,,signuptest 1-68,text,true,,640,559,8,57,7579,0,8
1519584606283,7540,HTTP Request_SignupCheck,200,,signuptest 1-72,text,true,,640,608,7,56,7538,0,11
1519584606009,7817,HTTP Request_SignupCheck,200,,signuptest 1-52,text,true,,640,607,6,55,7807,0,1
1519584606346,7480,HTTP Request_SignupCheck,200,,signuptest 1-77,text,true,,640,587,5,54,7480,0,10
1519584606311,7518,HTTP Request_SignupCheck,200,,signuptest 1-73,text,true,,640,602,4,53,7518,0,1
1519584606525,7305,HTTP Request_SignupCheck,200,,signuptest 1-90,text,true,,640,588,3,52,7294,0,1
1519584606198,7662,HTTP Request_Login check,200,,login Test 2-30,text,true,,651,494,49,51,7662,0,2
1519584607762,6148,HTTP Request_Login check,200,,login Test 2-85,text,true,,651,478,48,50,6148,0,1
1519584606058,7872,HTTP Request_SignupCheck,200,,signuptest 1-56,text,true,,640,567,2,49,7863,0,3
1519584607339,6627,HTTP Request_Login check,200,,login Test 2-82,text,true,,651,506,47,48,6627,0,1
1519584607044,6926,HTTP Request_Login check,200,,login Test 2-71,text,true,,651,502,46,47,6925,0,2
1519584607863,6174,HTTP Request_Login check,200,,login Test 2-95,text,true,,651,474,45,46,6171,0,1
1519584605802,8244,HTTP Request_Login check,200,,login Test 2-6,text,true,,651,507,44,45,8244,0,156
1519584606200,7861,HTTP Request_SignupCheck,200,,signuptest 1-66,text,true,,640,592,1,44,7845,0,2
1519584606036,8093,HTTP Request_Login check,200,,login Test 2-20,text,true,,651,503,43,43,8093,0,6
1519584606502,7632,HTTP Request_Login check,200,,login Test 2-44,text,true,,651,502,42,42,7632,0,65
1519584607853,6300,HTTP Request_Login check,200,,login Test 2-94,text,true,,651,495,41,41,6290,0,1
1519584607783,6371,HTTP Request_Login check,200,,login Test 2-87,text,true,,651,480,40,40,6366,0,1
1519584607822,6335,HTTP Request_Login check,200,,login Test 2-91,text,true,,651,485,39,39,6335,0,5
1519584607817,6344,HTTP Request_Login check,200,,login Test 2-90,text,true,,651,488,38,38,6339,0,3
1519584607884,6286,HTTP Request_Login check,200,,login Test 2-97,text,true,,651,483,37,37,6286,0,5
1519584607805,6373,HTTP Request_Login check,200,,login Test 2-89,text,true,,651,489,36,36,6373,0,1
1519584606217,7982,HTTP Request_Login check,200,,login Test 2-31,text,true,,651,498,35,35,7982,0,2
1519584607286,6914,HTTP Request_Login check,200,,login Test 2-78,text,true,,651,494,34,34,6914,0,7
1519584606818,7385,HTTP Request_Login check,200,,login Test 2-62,text,true,,651,481,33,33,7385,0,13
1519584606594,7613,HTTP Request_Login check,200,,login Test 2-50,text,true,,651,494,32,32,7612,0,1
1519584606028,8181,HTTP Request_Login check,200,,login Test 2-21,text,true,,651,475,31,31,8180,0,2
1519584606057,8215,HTTP Request_Login check,200,,login Test 2-22,text,true,,651,479,30,30,8215,0,9
1519584607265,7013,HTTP Request_Login check,200,,login Test 2-74,text,true,,651,494,29,29,7013,0,1
1519584607318,6963,HTTP Request_Login check,200,,login Test 2-81,text,true,,651,502,28,28,6963,0,1
1519584605717,8571,HTTP Request_Login check,200,,login Test 2-1,text,true,,651,491,27,27,8570,0,208
1519584606366,7939,HTTP Request_Login check,200,,login Test 2-37,text,true,,651,486,26,26,7921,0,6
1519584606473,7857,HTTP Request_Login check,200,,login Test 2-43,text,true,,651,472,25,25,7857,0,2
1519584606687,7661,HTTP Request_Login check,200,,login Test 2-54,text,true,,651,499,24,24,7661,0,18
1519584607903,6462,HTTP Request_Login check,200,,login Test 2-99,text,true,,651,476,23,23,6461,0,1
1519584606774,7601,HTTP Request_Login check,200,,login Test 2-60,text,true,,651,478,22,22,7600,0,11
1519584606998,7378,HTTP Request_Login check,200,,login Test 2-70,text,true,,651,475,21,21,7377,0,14
1519584606542,7839,HTTP Request_Login check,200,,login Test 2-47,text,true,,651,489,20,20,7839,0,33
1519584607893,6492,HTTP Request_Login check,200,,login Test 2-98,text,true,,651,494,19,19,6492,0,1
1519584606897,7495,HTTP Request_Login check,200,,login Test 2-64,text,true,,651,499,18,18,7495,0,7
1519584606700,7692,HTTP Request_Login check,200,,login Test 2-57,text,true,,651,473,17,17,7692,0,6
1519584607366,7027,HTTP Request_Login check,200,,login Test 2-84,text,true,,651,477,16,16,7027,0,2
1519584607833,6561,HTTP Request_Login check,200,,login Test 2-92,text,true,,651,483,15,15,6561,0,1
1519584606405,7990,HTTP Request_Login check,200,,login Test 2-38,text,true,,651,493,14,14,7990,0,11
1519584606894,7503,HTTP Request_Login check,200,,login Test 2-63,text,true,,651,492,13,13,7503,0,2
1519584606935,7464,HTTP Request_Login check,200,,login Test 2-67,text,true,,651,481,12,12,7464,0,1
1519584607354,7046,HTTP Request_Login check,200,,login Test 2-80,text,true,,651,510,11,11,7044,0,1
1519584607913,6489,HTTP Request_Login check,200,,login Test 2-100,text,true,,651,513,10,10,6489,0,2
1519584606795,7611,HTTP Request_Login check,200,,login Test 2-59,text,true,,651,511,9,9,7611,0,18
1519584607843,6566,HTTP Request_Login check,200,,login Test 2-93,text,true,,651,508,8,8,6566,0,1
1519584606163,8253,HTTP Request_Login check,200,,login Test 2-28,text,true,,651,508,7,7,8252,0,10
1519584607269,7195,HTTP Request_Login check,200,,login Test 2-76,text,true,,651,504,6,6,7195,0,3
1519584607335,7130,HTTP Request_Login check,200,,login Test 2-79,text,true,,651,503,5,5,7129,0,3
1519584606523,7955,HTTP Request_Login check,200,,login Test 2-41,text,true,,651,486,4,4,7954,0,1
1519584606950,7545,HTTP Request_Login check,200,,login Test 2-69,text,true,,651,469,3,3,7545,0,60
1519584607773,6726,HTTP Request_Login check,200,,login Test 2-86,text,true,,651,505,2,2,6725,0,3
1519584606269,8243,HTTP Request_Login check,200,,login Test 2-33,text,true,,651,499,1,1,8243,0,2
